出席した日,子どもの名前
2024-04-08,child_1
2024-04-09,child_1
2024-04-10,child_1
2024-04-11,child_1
2024-04-12,child_1
2024-04-17,child_1
2024-04-18,child_1
2024-04-19,child_1
2024-04-22,child_1
2024-04-23,child_1
2024-04-24,child_1
2024-04-25,child_1
2024-04-26,child_1
2024-04-30,child_1
2024-05-01,child_1
2024-05-02,child_1
2024-05-08,child_1
2024-05-09,child_1
2024-05-10,child_1
2024-05-13,child_1
2024-05-14,child_1
2024-05-15,child_1
2024-05-16,child_1
2024-05-17,child_1
2024-05-20,child_1
2024-05-21,child_1
2024-05-22,child_1
2024-05-23,child_1
2024-05-24,child_1
2024-05-29,child_1
2024-05-30,child_1
2024-05-31,child_1
2024-06-03,child_1
2024-06-04,child_1
2024-06-05,child_1
2024-06-06,child_1
2024-06-07,child_1
2024-06-10,child_1
2024-06-11,child_1
2024-06-12,child_1
2024-06-13,child_1
2024-06-14,child_1
2024-06-17,child_1
2024-06-18,child_1
2024-06-19,child_1
2024-06-20,child_1
2024-06-21,child_1
2024-06-24,child_1
2024-06-25,child_1
2024-06-26,child_1
2024-06-27,child_1
2024-06-28,child_1
2024-07-01,child_1
2024-07-02,child_1
2024-07-03,child_1
2024-07-04,child_1
2024-07-05,child_1
2024-07-08,child_1
2024-07-09,child_1
2024-07-10,child_1
2024-07-11,child_1
2024-07-12,child_1
2024-07-18,child_1
2024-07-19,child_1
2024-07-29,child_1
2024-07-30,child_1
2024-07-31,child_1
2024-08-01,child_1
2024-08-19,child_1
2024-08-20,child_1
2024-08-21,child_1
2024-08-22,child_1
2024-08-23,child_1
2024-08-26,child_1
2024-08-27,child_1
2024-08-28,child_1
2024-08-29,child_1
2024-08-30,child_1
2024-09-02,child_1
2024-09-03,child_1
2024-09-04,child_1
2024-09-05,child_1
2024-09-06,child_1
2024-09-09,child_1
2024-09-10,child_1
2024-09-11,child_1
2024-09-12,child_1
2024-09-13,child_1
2024-09-17,child_1
2024-09-18,child_1
2024-09-19,child_1
2024-09-20,child_1
2024-09-24,child_1
2024-09-25,child_1
2024-09-27,child_1
2024-10-01,child_1
2024-10-02,child_1
2024-10-03,child_1
2024-10-04,child_1
2024-10-07,child_1
2024-10-08,child_1
2024-10-09,child_1
2024-10-10,child_1
2024-10-15,child_1
2024-10-16,child_1
2024-10-17,child_1
2024-10-18,child_1
2024-10-21,child_1
2024-10-22,child_1
2024-10-23,child_1
2024-10-24,child_1
2024-10-25,child_1
2024-10-28,child_1
2024-10-29,child_1
2024-10-30,child_1
2024-10-31,child_1
2024-11-05,child_1
2024-11-06,child_1
2024-11-07,child_1
2024-11-08,child_1
2024-11-11,child_1
2024-11-12,child_1
2024-11-13,child_1
2024-11-14,child_1
2024-11-15,child_1
2024-11-18,child_1
2024-11-19,child_1
2024-11-20,child_1
2024-11-21,child_1
2024-11-25,child_1
2024-11-26,child_1
2024-11-27,child_1
2024-11-28,child_1
2024-11-29,child_1
2024-12-02,child_1
2024-12-03,child_1
2024-12-04,child_1
2024-12-05,child_1
2024-12-06,child_1
2024-12-09,child_1
2024-12-10,child_1
2024-12-11,child_1
2024-12-12,child_1
2024-12-13,child_1
2024-12-17,child_1
2024-12-18,child_1
2024-12-19,child_1
2024-12-20,child_1
2024-12-23,child_1
2025-01-07,child_1
2025-01-08,child_1
2025-01-09,child_1
2025-01-10,child_1
2025-01-14,child_1
2025-01-15,child_1
2025-01-16,child_1
2025-01-17,child_1
2025-01-20,child_1
2025-01-21,child_1
2025-01-22,child_1
2025-01-23,child_1
2025-01-24,child_1
2025-01-27,child_1
2025-01-28,child_1
2025-01-29,child_1
2025-01-30,child_1
2025-01-31,child_1
2025-02-04,child_1
2025-02-05,child_1
2025-02-06,child_1
2025-02-07,child_1
2025-02-12,child_1
2025-02-13,child_1
2025-02-14,child_1
2025-02-17,child_1
2025-02-18,child_1
2025-02-19,child_1
2025-02-20,child_1
2025-02-21,child_1
2025-02-25,child_1
2025-02-26,child_1
2025-02-27,child_1
2025-02-28,child_1
2025-03-03,child_1
2025-03-04,child_1
2025-03-05,child_1
2025-03-06,child_1
2025-03-07,child_2
2025-03-07,child_1
2025-03-10,child_1
2025-03-11,child_1
2025-03-12,child_1
2025-03-13,child_1
2025-03-14,child_1
2025-03-17,child_1
2025-03-18,child_1
2025-03-19,child_1
2025-03-21,child_1
2025-03-24,child_1
2025-04-07,child_2
2025-04-07,child_1
2025-04-08,child_2
2025-04-08,child_1
2025-04-09,child_2
2025-04-09,child_1
2025-04-10,child_2
2025-04-10,child_1
2025-04-11,child_2
2025-04-11,child_1
2025-04-14,child_2
2025-04-14,child_1
2025-04-15,child_2
2025-04-15,child_1
2025-04-16,child_2
2025-04-16,child_1
2025-04-17,child_2
2025-04-17,child_1
2025-04-18,child_2
2025-04-18,child_1
2025-04-21,child_2
2025-04-21,child_1
2025-04-22,child_1
2025-04-23,child_2
2025-04-23,child_1
2025-04-24,child_1
2025-04-25,child_1
2025-04-28,child_1
2025-04-30,child_1
2025-05-01,child_1
2025-05-02,child_1
2025-05-07,child_2
2025-05-07,child_1
2025-05-08,child_2
2025-05-08,child_1
2025-05-09,child_2
2025-05-09,child_1
2025-05-13,child_1
2025-05-14,child_2
2025-05-14,child_1
2025-05-15,child_2
2025-05-16,child_2
2025-05-19,child_2
2025-05-19,child_1
2025-05-20,child_2
2025-05-20,child_1
2025-05-21,child_2
2025-05-21,child_1
2025-05-22,child_2
2025-05-22,child_1
2025-05-23,child_2
2025-05-23,child_1
2025-05-26,child_2
2025-05-26,child_1
2025-05-27,child_2
2025-05-27,child_1
2025-05-28,child_2
2025-05-28,child_1
2025-05-29,child_2
2025-05-30,child_2
2025-05-30,child_1
2025-06-02,child_2
2025-06-02,child_1
2025-06-03,child_2
2025-06-03,child_1
2025-06-04,child_1
2025-06-05,child_1
2025-06-06,child_2
2025-06-06,child_1
2025-06-09,child_2
2025-06-09,child_1
2025-06-10,child_2
2025-06-10,child_1
2025-06-11,child_2
2025-06-11,child_1
2025-06-12,child_2
2025-06-12,child_1
2025-06-13,child_2
2025-06-13,child_1
2025-06-16,child_2
2025-06-17,child_2
2025-06-18,child_2
2025-06-18,child_1
2025-06-19,child_2
2025-06-19,child_1
2025-06-20,child_2
2025-06-20,child_1
2025-06-23,child_2
2025-06-23,child_1
2025-06-24,child_2
2025-06-24,child_1
2025-06-25,child_2
2025-06-25,child_1
2025-06-26,child_2
2025-06-26,child_1
2025-06-27,child_2
2025-06-27,child_1
2025-06-30,child_2
2025-06-30,child_1
2025-07-02,child_1
2025-07-03,child_2
2025-07-03,child_1
2025-07-04,child_2
2025-07-04,child_1
2025-07-07,child_2
2025-07-07,child_1
2025-07-08,child_2
2025-07-08,child_1
2025-07-09,child_2
2025-07-09,child_1
2025-07-10,child_2
2025-07-10,child_1
2025-07-11,child_2
2025-07-11,child_1
2025-07-14,child_2
2025-07-14,child_1
2025-07-15,child_2
2025-07-15,child_1
2025-07-16,child_2
2025-07-16,child_1
2025-07-17,child_2
2025-07-17,child_1
2025-07-18,child_2
2025-07-18,child_1
2025-07-22,child_2
2025-07-22,child_1
2025-07-23,child_2
2025-07-24,child_2
2025-07-25,child_2
2025-07-25,child_1
2025-07-28,child_2
2025-07-28,child_1
2025-07-29,child_2
2025-07-29,child_1
2025-07-30,child_2
2025-07-30,child_1
2025-08-01,child_2
2025-08-01,child_1
2025-08-04,child_2
2025-08-04,child_1
2025-08-05,child_2
2025-08-06,child_2
2025-08-06,child_1
2025-08-07,child_2
2025-08-07,child_1
2025-08-08,child_2
2025-08-08,child_1
2025-08-12,child_2
2025-08-12,child_1
2025-08-14,child_2
2025-08-14,child_1
2025-08-15,child_2
2025-08-15,child_1
2025-08-18,child_2
2025-08-18,child_1
2025-08-19,child_2
2025-08-19,child_1
2025-08-20,child_2
2025-08-20,child_1
2025-08-21,child_2
2025-08-21,child_1
2025-08-25,child_2
2025-08-25,child_1
2025-08-26,child_2
2025-08-26,child_1
2025-08-27,child_2
2025-08-27,child_1
2025-08-28,child_2
2025-08-28,child_1
2025-08-29,child_2
2025-08-29,child_1
2025-09-01,child_2
2025-09-01,child_1
2025-09-02,child_2
2025-09-02,child_1
2025-09-03,child_2
2025-09-03,child_1
2025-09-04,child_2
2025-09-04,child_1
2025-09-05,child_2
2025-09-05,child_1
2025-09-08,child_2
2025-09-08,child_1
2025-09-09,child_2
2025-09-09,child_1
2025-09-10,child_2
2025-09-10,child_1
2025-09-11,child_2
2025-09-11,child_1
2025-09-12,child_2
2025-09-12,child_1
2025-09-16,child_2
2025-09-16,child_1
2025-09-17,child_2
2025-09-17,child_1
2025-09-18,child_1
2025-09-19,child_2
2025-09-19,child_1
2025-09-22,child_2
2025-09-24,child_1
2025-09-25,child_1
2025-09-26,child_1
2025-09-29,child_2
2025-09-29,child_1
2025-09-30,child_2
2025-09-30,child_1
2025-10-01,child_2
2025-10-01,child_1
2025-10-02,child_2
2025-10-02,child_1
2025-10-03,child_2
2025-10-03,child_1
2025-10-06,child_1
2025-10-07,child_2
2025-10-07,child_1
2025-10-08,child_2
2025-10-08,child_1
2025-10-09,child_2
2025-10-09,child_1
2025-10-10,child_2
2025-10-10,child_1
2025-10-14,child_2
2025-10-14,child_1
2025-10-15,child_2
2025-10-15,child_1
2025-10-16,child_2
2025-10-16,child_1
2025-10-17,child_2
2025-10-20,child_2
2025-10-20,child_1
2025-10-21,child_2
2025-10-21,child_1
2025-10-22,child_2
2025-10-22,child_1
2025-10-23,child_2
2025-10-23,child_1
2025-10-24,child_2
2025-10-24,child_1
2025-10-27,child_2
2025-10-28,child_2
2025-10-28,child_1
2025-10-29,child_2
2025-10-29,child_1
2025-10-30,child_2
2025-11-06,child_2
2025-11-06,child_1
2025-11-07,child_2
2025-11-07,child_1
2025-11-10,child_2
2025-11-10,child_1
2025-11-11,child_2
2025-11-11,child_1
2025-11-12,child_2
2025-11-12,child_1
2025-11-13,child_2
2025-11-13,child_1
2025-11-14,child_2
2025-11-14,child_1
2025-11-17,child_2
2025-11-17,child_1
2025-11-18,child_2
2025-11-18,child_1
2025-11-19,child_2
2025-11-20,child_2
2025-11-20,child_1
2025-11-21,child_2
2025-11-21,child_1
2025-11-25,child_2
2025-11-25,child_1
2025-11-26,child_2
2025-11-26,child_1
2025-11-27,child_2
2025-11-27,child_1
2025-11-28,child_2
2025-11-28,child_1
2025-12-01,child_2
2025-12-01,child_1
2025-12-02,child_2
2025-12-02,child_1
2025-12-03,child_2
2025-12-03,child_1
2025-12-04,child_2
2025-12-04,child_1
2025-12-05,child_2
2025-12-08,child_2
2025-12-09,child_2
2025-12-10,child_2
2025-12-10,child_1
2025-12-15,child_2
2025-12-15,child_1
2025-12-16,child_1
2025-12-17,child_2
2025-12-17,child_1
2025-12-18,child_2
2025-12-18,child_1
2025-12-19,child_2
2025-12-19,child_1
2025-12-22,child_2
2025-12-22,child_1
2026-01-05,child_2
2026-01-05,child_1
2026-01-06,child_2
2026-01-06,child_1
2026-01-07,child_2
2026-01-07,child_1
2026-01-08,child_2
2026-01-08,child_1
2026-01-09,child_2
2026-01-09,child_1
2026-01-13,child_2
2026-01-13,child_1
2026-01-14,child_2
2026-01-14,child_1
2026-01-15,child_2
2026-01-15,child_1
2026-01-16,child_2
2026-01-16,child_1
2026-01-19,child_2
2026-01-20,child_2
2026-01-21,child_2
2026-01-21,child_1
2026-01-22,child_2
2026-01-22,child_1
2026-01-23,child_2
2026-01-23,child_1
2026-01-26,child_2
2026-01-26,child_1
2026-01-27,child_2
2026-01-27,child_1
2026-01-28,child_2
2026-01-28,child_1
2026-01-29,child_2
2026-01-29,child_1
2026-01-30,child_2
2026-01-30,child_1
2026-02-02,child_2
2026-02-02,child_1
2026-02-03,child_2
2026-02-03,child_1
2026-02-04,child_2
2026-02-04,child_1
2026-02-05,child_2
2026-02-05,child_1
2026-02-06,child_2
2026-02-06,child_1
2026-02-09,child_2
2026-02-09,child_1
2026-02-10,child_2
2026-02-10,child_1
2026-02-16,child_1
2026-02-18,child_1
2026-02-19,child_1
2026-02-24,child_2
2026-02-25,child_2
2026-02-25,child_1
2026-02-26,child_2
2026-02-26,child_1
2026-02-27,child_1
2026-03-02,child_2
2026-03-02,child_1
2026-03-03,child_2
2026-03-03,child_1
2026-03-06,child_2
2026-03-09,child_2
2026-03-10,child_2
2026-03-10,child_1
2026-03-11,child_2
2026-03-11,child_1
2026-03-12,child_2
2026-03-12,child_1
2026-03-13,child_2
2026-03-13,child_1
2026-03-16,child_2
2026-03-16,child_1
2026-03-17,child_2
2026-03-17,child_1
2026-03-18,child_2
2026-03-18,child_1
2026-03-19,child_2
2026-03-19,child_1
2026-03-23,child_2
2026-03-23,child_1
2026-03-24,child_2
2026-03-24,child_1
2026-03-25,child_2
2026-03-25,child_1
2026-03-26,child_2
2026-03-26,child_1
2026-03-27,child_2
2026-03-27,child_1
2026-03-30,child_2
2026-03-30,child_1
2026-03-31,child_2
2026-03-31,child_1
